settlement,payout,deadline,deadline_iso,no_proof_needed,claim_url,description
Lincoln University - COVID Tuition,Varies,Varies,,YES,https://lincolncovidsettlement.com/,"If you were a student enrolled at Lincoln University for the Spring 2020 semester, did not withdraw by March 12, 2020 and were not fully refunded for tuition or"
Domestic Flight Antitrust,Varies,Varies,,YES,https://domesticairclass.com/,"This settlement covers those who bought domestic airline tickets from Delta, Southwest, United, Continental, or US Airways between July 1, 2011 and December 201"
NIBCO,Varies,Varies,,NO,http://www.pexsystemsettlement.com/,"If you own or owned a building (commercial or residential) containing NIBCO's Pex tubing, fittings or clamps anytime after January 1, 2005, you may be able to c"
Zonolite Vermiculite Attic Insulation,Varies,Varies,,NO,https://www.zonoliteatticinsulation.com/Hm1.aspx,"If Zonolite attic insulation was installed in a structure that you own(ed) or rent(ed) and you had to pay any costs related to its removal, you may be able to c"
Ford - PowerShift Transmissions,Varies,Varies,,NO,http://fordtransmissionsettlement.com/,This settlement covers current and former 2011-2016 Fiesta and 2012-2016 Focus owners and lessees who had issues with their PowerShift transmissions.
My Little Steamer,Varies,Varies,,NO,https://www.steamerrecallsettlement.com/,"This settlement aims to cover anyone who purchased a Joy/JM-branded My Little Steamer between January 1, 2002 and December 31, 2020."
Nissan - CVT Transmissions,"Up to $5,000",Varies,,NO,http://www.roguepathfinderqx60cvtsettlement.com/,"You may be included in this settlement if you owned or leased a 2014-2018 Rogue, 2015-2018 Pathfinder or a 2015-2018 Infiniti QX60."
Theranos Blood Testing Services,$10+,Varies,,YES,https://www.theranoslawsuit.com/,"If you paid for Theranos blood testing services out-of-pocket, through health insurance, or through any other source between November 2013 and June 2016, you ma"
Boohoo - Advertised Sales,$10 Gift Card,Varies,,YES,http://www.boohoonationwidepricingsettlement.com/,"You may be included in this settlement if you bought products from Boohoo, BoohooMAN, PrettyLittleThing or Nasty Gal outside of California between April 1, 2016"
CertainTeed Organic Shingles,Varies,Varies,,NO,http://www.certainteedshinglesettlement.com/index.cfm,"Class members are defined as owners of buildings with CertainTeed Organic Shingles manufactured after July 1, 1987. The settlement provides compensation for the"
Kia - Engine Failure,Varies,Varies,,NO,https://kiaengineclasssettlement.com/,Drivers who bought or leased certain 2010–2020 Kia vehicles may be covered by this settlement.
Branford Manor,"Up to $6,000",Varies,,YES,https://www.branfordmanorsettlement.com/,"You may be included in this settlement if you were listed on the rental forms at Branford Manor at some point between November 23, 2019 and November 22, 2022."
Sanyo Energy - Solar Panels,Varies,Varies,,NO,https://www.sanyosolarclaims.com/,You may be covered by this settlement if you bought solar panels from Sanyo or if you bought a residence or building with the panels already installed.
GM - Fuel Pumps,Varies,Varies,,NO,https://www.gmfuelpumplitigation.com/,"You may be covered by this settlement if you bought a 2011-2016 Duramax diesel Chevrolet Silverado or GMC Sierra from a GM-authorized dealer in California, Flor"
St. Stephen’s Cemetery (Kentucky),Varies,Varies,,NO,https://kycemeterysettlement.com/,You may be included in this settlement if you bought or are the next of kin or the surviving spouse of a person who purchased a burial plot or services from St.
Ram Trucks - Anti-Lock Braking System,Varies,Varies,,NO,https://fcarambrakesettlement.com/,"This settlement covers current owners or lessees of certain 2017-2018 Ram 2500, 3500, 4500 and 5500 models built between April 1, 2017 and December 29, 2018."
Huuuge Casino - Mobile Games,Varies,Varies,,YES,https://huuugesettlement.com/home,"If you made a purchase through Huuuge Casino or Billionaire Casino on or before January 23, 2025, you may be covered by this settlement."
Dodge Grand Caravan - Sliding Doors,Varies,Varies,,NO,https://www.dodgeslidingdoorlatchsettlement.com/,"You may be included in this settlement if you bought or leased a 2017-2018 Dodge Grand Caravan built between January 1, 2017 and December 31, 2017."
NYC Taxi and Limousine Commission,Varies,Varies,,YES,https://www.tlcsuspensionclaims.com/,If you were a taxi or for-hire vehicle driver whose license was suspended by the NYC Taxi and Limousine Commission based on having been arrested on a criminal c
Kaiser Permanente - Out-of-Network Claims (California),Varies,Varies,,NO,https://www.outofnetworkhealthclaims.com/home,You may be included in this settlement if you were a Kaiser Permanente member and paid for out-of-network mental health/substance use disorder care because you 
Washington Nationals - Discount Tickets,$18+,Varies,,YES,https://natsdiscountticketsettlement.com/,You may be included in this settlement if you bought a Washington Nationals ticket in the 2023 or 2024 season and were not eligible for the “Millennial” or “You
Nationstar Mortgage (Florida),Up to $300,8/15/26,2026-08-15,YES,https://floridanationstarlawsuit.com/,"This settlement covers Florida residents whose mortgage contracts have been serviced by Nationstar from May 29, 2013 through July 24, 2025 where Nationstar coll"
Oak View Group - Data Breach,"$50 - $5,000",8/15/26,2026-08-15,YES,https://oakviewgroupdatasettlement.com/,This settlement covers those whose personal information was compromised in the November 2023 Oak View Group data breach.
Duke University Health System - Data Privacy,Varies,8/16/26,2026-08-16,YES,https://duhssettlement.com/,"You may be able to claim a piece of this settlement if you logged into the Duke MyChart patient portal or MyDuke Health mobile app between February 18, 2019 and"
EMM Loans - Data Breach,"$50 - $4,000",8/17/26,2026-08-17,YES,https://emmloansdatasettlement.com/,You may be included in this settlement if your private information was exposed in the February 2024 EMM Loans data breach.
Bradford Health - Data Breach,"$150 - $5,000",8/17/26,2026-08-17,YES,https://bradforddisputesettlement.com/,You may be included in this settlement if your personal information was exposed in the November 2023 Bradford Health data breach.
Alta Resources Corp - Data Breach,"$50 - $2,000",8/17/26,2026-08-17,YES,https://altaresourcessettlement.com/,You may be included in this settlement if you were notified that your private information was potentially compromised in the November 2023 Alta Resources Corp. 
"Riley, Pope & Laney - Data Breach","$60 - $2,500",8/17/26,2026-08-17,YES,https://rpldatasettlement.com/,"If your private information was compromised in the August 2024 Riley, Pope & Laney data breach, you may be covered by this settlement."
AVI-SPL - Job Postings (Washington),Varies,8/17/26,2026-08-17,YES,https://avi-spl-settlement.com/,"You may be included in this settlement if you applied for a job opening with AVI-SPL in Washington between January 1, 2023, and May 5, 2026."
GeoLogics Corporation - Data Breach,"$50 - $2,500",8/17/26,2026-08-17,YES,https://geologicscorpdatasettlement.com/,You may be able to claim a piece of this settlement if your private information was compromised in the December 2023 GeoLogics Corporation data breach.
Tinder Age Discrimination (California),Varies,8/18/26,2026-08-18,YES,https://www.tindercalclassaction.com/,"You may be included in this settlement if you paid for Tinder Plus or Tinder Gold in California when you were over the age of 29 at any time between March 2, 20"
Datavant Group - Data Breach,"Up to $5,000",8/18/26,2026-08-18,YES,https://www.datavantdataincidentsettlement.com/,You may be included in this settlement if your personal information was potentially compromised in the May 2024 Datavant Group data breach.
Mattress Sale Prices,$30 Voucher,8/18/26,2026-08-18,YES,https://molloypricingsettlement.com/,"You may be covered by this settlement if you bought one or more products at a price advertised as a discount from a higher reference price from Siena, Nectar, D"
Wright Brothers Construction Company - Data Breach,"$50 - $4,767",8/18/26,2026-08-18,YES,https://wbccsettlement.com/,You may be included in this settlement if your private information was potentially compromised in the April 2024 Wright Brothers Construction Company data breac
AlbanyPark - Discounts,$115,8/18/26,2026-08-18,YES,https://www.chiechiclassactionsettlement.com/,"You may be included in this settlement if you made a purchase on www.AlbanyPark.com between June 21, 2020 and October 31, 2024."
Ciuni & Panichi - Data Breach,"$125 - $5,000",8/18/26,2026-08-18,YES,https://cpdatasettlement.com/,You may be included in this settlement if you received a notice regarding a November 2024 data breach affecting Ciuni & Panichi.
Legends Hospitality - Data Breach,"$200 - $5,000",8/19/26,2026-08-19,YES,https://legendsdatasettlement.com/,"You may be included in this settlement if your private information was exposed in the data breaches affecting Legends Hospitality in November 2024, December 202"
iQ Credit Union - Overdraft Fees,Varies,8/19/26,2026-08-19,YES,https://thompsonfeessettlement.com/,"You may be included in this settlement if iQ Credit Union charged you certain types of overdraft or non-sufficient funds fees between December 12, 2018 and July"
Mt. Baker Imaging - Data Breach,"Up to $5,000",8/19/26,2026-08-19,YES,https://www.mtbakerdatasettlement.com/,This settlement covers those whose private information was potentially compromised in the January 2025 Mt. Baker Imaging data breach.
State Farm - Total Loss Claims (Arkansas),$489 (est.),8/19/26,2026-08-19,NO,https://www.statefarmartotallosslitigation.com/,"You may be included in this settlement if you filed a claim on a State Farm insurance policy in Arkansas between November 29, 2016 and October 18, 2021 where th"
WaterStreet Company - Data Breach,"$55 - $3,000",8/19/26,2026-08-19,YES,https://waterstreetsettlement.com/,You may be included in this settlement if your private information was potentially impacted in the March 2025 WaterStreet Company data breach.
Compex Legal Services - Data Breach,"$100 - $5,000+",8/19/26,2026-08-19,YES,https://compexdatasettlement.com/,You may be included in this settlement if your personal information was compromised in the Compex Legal Services data breach discovered in April 2024.
OBI Seafoods - Data Breach,"Up to $5,000",8/20/26,2026-08-20,YES,https://obiseafoodsdatasettlement.com/,"If your private information was compromised in the August 2024 OBI Seafoods data breach, you may be included in this settlement."
Wyssta Services - Data Privacy,Up to $16.50,8/20/26,2026-08-20,YES,https://www.wysstaservicesclassaction.com/,"You may be included in this settlement if you had an account on my.deltadentalcoversme.com between January 23, 2021 and January 23, 2025."
Memorial Health Services - Data Privacy,Varies,8/21/26,2026-08-21,YES,https://mhspixelsettlement.com/,"You may be included in this settlement if you accessed the Memorial Health Services MyChart patient portal between March 7, 2022 and July 8, 2022."
Marlboro-Chesterfield Pathology - Data Breach,"$10 - $1,000",8/21/26,2026-08-21,YES,https://m-cpsettlement.com/,You may be included in this settlement if your personal information was potentially affected by a data breach announced by Marlboro-Chesterfield Pathology in Ma
Team Car Care - Job Postings (Washington),"Est. $1,519.58",8/21/26,2026-08-21,YES,https://tccsettlement.com/,"You may be able to claim a piece of this settlement if you applied for a job opening with Team Car Care in Washington between January 1, 2023 and April 28, 2026"
Liberty Mutual - Retirement Plan,Varies,8/22/26,2026-08-22,YES,https://libertymutual401ksettlement.com/,"This settlement covers participants and beneficiaries of the Liberty Mutual 401(k) Plan from April 10, 2014 through December 31, 2025."
Costco - Marketing Emails (Washington),Varies,8/24/26,2026-08-24,YES,https://www.washingtoncommercialemailsettlement.com/,"You may be included in this settlement if you received an email from Costco while living in Washington between June 2, 2021 and July 7, 2026."
New York Renaissance Faire - Ticket Fees,Up to $20,8/24/26,2026-08-24,YES,https://nyrenfaireticketfeesettlement.com/,You may be included in this settlement if you paid a service charge to buy an electronic ticket to the New York Renaissance Faire from the New York Renaissance 
Lakeview Health Systems - Data Breach,"$50 - $5,000",8/24/26,2026-08-24,YES,https://lakeviewhealthsettlement.com/,You may be included in this settlement if your private information was compromised in the January 2024 Lakeview Health Systems data breach.
Costco - Marketing Emails (Washington),Varies,8/24/26,2026-08-24,YES,https://www.washingtoncommercialemailsettlement.com/,"You may be included in this settlement if you received an email from Costco while living in Washington between June 2, 2021 and July 7, 2026."
McKenzie Health System - Data Breach,"$50 - $4,000",8/24/26,2026-08-24,YES,https://mckenziehealthsettlement.com/,You may be able to claim a piece of this settlement if your private information was compromised in the April 2025 McKenzie Health System data breach.
CR&R - Data Breach,"$150 - $5,000",8/24/26,2026-08-24,YES,https://crrdatasettlement.com/,"If you received a notice about the December 2022 CR&R data breach, you may be included in this settlement."
Big Al’s - Employment,Varies,8/24/26,2026-08-24,YES,https://baincsettlement.com/,"You may be able to claim a piece of this settlement if you worked for Big Al’s between January 1, 2020, and May 22, 2026 and earned less than twice the applicab"
National Association of Realtors - Homebuyer Litigation,Varies,8/25/26,2026-08-25,NO,https://homebuyerlitigation.com/home/,You may be included in this settlement if you bought residential real estate in the United States since 2006 that was listed on a multiple listing service.
SpotHero - Drip Pricing (California),$4.76 (est.),8/25/26,2026-08-25,YES,https://www.shpricingsettlement.com/,"You may be included in this settlement if you bought at least one parking reservation through SpotHero’s website or its mobile app between July 1, 2024 and Marc"
KYB Americas Corporation - Data Breach,"$75 - $5,400",8/26/26,2026-08-26,YES,https://kybdatasettlement.com/,This settlement covers those whose personal information was exposed in the February 2025 KYB Americas Corporation data breach.
Talcott - Premium Tax Charges,Varies,8/26/26,2026-08-26,YES,https://www.premiumtaxsettlement.com/,"If you had certain life insurance policies issued or owned by a Hartford or Talcott life insurance company that were subject to a premium tax charge, you may be"
Hillcrest Convalescent Center - Data Breach,"$50 - $2,500",8/26/26,2026-08-26,YES,https://hccdatasettlement.com/,You may be included in this settlement if your private information was compromised in the June 2024 Hillcrest Convalescent Center data breach.
City of Detroit - Water Supply Services (Michigan),• New,8/26/26,2026-08-26,YES,https://www.detroitwatersettlement.com/,"You may be included in this settlement if you received water services from the City of Detroit between August 1, 2022 and May 31, 2026."
Fanatics - Handling Fees,Two $5 Vouchers,8/27/26,2026-08-27,YES,https://handlingfeesettlement.com/,"If you purchased merchandise through the Fanatics websites between May 6, 2018 and March 30, 2026 and paid a handling fee, you may be covered by this settlement"
2023 Las Vegas Grand Prix,Varies,8/27/26,2026-08-27,NO,https://www.lvgp2023ticketsettlement.com/index.html,You may be included in this settlement if you had a ticket for the 2023 Las Vegas Grand Prix and attempted to attend the FP2 free practice session.
Fanatics - Handling Fees,Two $5 Vouchers,8/27/26,2026-08-27,YES,https://handlingfeesettlement.com/,"If you purchased merchandise through the Fanatics websites between May 6, 2018 and March 30, 2026 and paid a handling fee, you may be covered by this settlement"
Walton Women’s Center - Data Breach,"Up to $2,500",8/27/26,2026-08-27,YES,https://www.hwwcdataincidentsettlement.com/,This settlement covers those whose personal information was potentially compromised in the February 2022 Walton Women’s Center data breach.
Berman & Rabin - Data Breach,"Up to $3,500",8/27/26,2026-08-27,YES,https://bermanrabinsettlement.com/,You may be included in this settlement if your private information was exposed in the July 2024 Berman & Rabin data breach.
BMW Shark-Fin Antennas,Varies,8/27/26,2026-08-27,NO,https://sharkfinsettlement.com/,"You may be covered by this settlement if you owned or leased certain 2019-2020 model year BMW X3, X4, X5, X6, or X7 vehicles."
Call-On-Doc - Data Privacy,Up to $20,8/29/26,2026-08-29,YES,https://callondoccipasettlement.com/,"You may be included in this settlement if you created an account on the Call-On-Doc website on or after November 7, 2023, or if you were a registered Call-On-Do"
YouTube TV - Subscription Renewals (California),$92.26 (est.),8/30/26,2026-08-30,YES,https://www.youtubetvsettlement.com/,You may be included in this settlement if you lived in California and paid for at least one renewal term of a YouTube TV subscription via YouTube billing betwee
YouTube TV - Subscription Renewals (California),$92.26 (est.),8/30/26,2026-08-30,YES,https://www.youtubetvsettlement.com/,You may be included in this settlement if you lived in California and paid for at least one renewal term of a YouTube TV subscription via YouTube billing betwee
Urban One - Data Breach,"$500 - $10,000",8/31/26,2026-08-31,YES,https://urbanonedataincident.com/,You may be covered by this settlement if your personal information was exposed in the Urban One data breach discovered in March 2025.
FMC Services - Data Breach,"$75 - $5,000",8/31/26,2026-08-31,YES,https://www.fmcdatasettlement.com/,You may be included in this settlement if your private information was potentially compromised in the July 2022 FMC Services data breach.
Mary Black Health System (South Carolina),• New,8/31/26,2026-08-31,YES,https://maryblackclassaction.com/,"If you received medical treatment at Mary Black Memorial Hospital or Gaffney H.M.A. in South Carolina since January 1, 2014 and your medical bills were not subm"
FitOn - Data Privacy,$10,8/31/26,2026-08-31,YES,https://fitonvppasettlement.com/,"You may be included in this settlement if you had a FitOn account and accessed at least one video on the platform between October 22, 2022 and May 29, 2026."
Permobil - SpeedControl Dials,• New,8/31/26,2026-08-31,YES,https://www.speedcontroldialsettlement.com/,"You may be included in this settlement if you bought or used a SpeedControl Dial between April 1, 2022 and July 1, 2026."
Serviceaide - Data Breach,"$50 - $5,000",9/1/26,2026-09-01,YES,https://serviceaidedatasettlement.com/,You may be included in this settlement if your personal information was exposed in the Serviceaide data breach that took place between September and November 20
AOD Federal Credit Union - Data Breach,"$75 - $5,000",9/1/26,2026-09-01,YES,https://aodfcudataincidentsettlement.com/,You may be included in this settlement if your personal information was compromised in the August 2024 AOD Federal Credit Union data breach.
Guitar Center - Employee Wages,Varies,9/1/26,2026-09-01,YES,https://www.caemployeesettlementguitarcenter.com/,"You may be included in this settlement if you worked for Guitar Center as a non-exempt employee between January 11, 2020 and July 11, 2025."
Crimson Wine - Data Breach,"$100 - $5,000",9/1/26,2026-09-01,YES,https://crimsonwinesettlement.com/,You may be included in this settlement if your private information was compromised in the January 2024 Crimson Wine data breach.
Equifax - Duplicate Collection Accounts,Varies,9/1/26,2026-09-01,YES,https://duplicateaccountfcrasettlement.com/,You may be able to claim a piece of this settlement if you had a duplicate collection account reflected in your Equifax file at the same time there was an inqui
ZOLL Medical Corporation - Data Breach,"Est. $50 - $5,000",9/2/26,2026-09-02,YES,https://www.heartdevicedatasettlement.com/,"If you received a notice stating that your personal information may have been exposed in the January 2023 ZOLL Medical Corporation data breach, you may be inclu"
Greater Rochester Independent Practice Association - Data Breach,"$100 - $2,500",9/3/26,2026-09-03,YES,https://www.moveitsettlementgripa.com/index.html,You may be able to claim a piece of this settlement if your personal information was exposed in the May 2023 MOVEit data breach that impacted Greater Rochester 
Abbott Laboratories Employees Credit Union - Data Breach,"Up to $2,500+",9/3/26,2026-09-03,YES,https://alecdatasettlement.com/,"If your private information was compromised in the August 2024 Abbott Laboratories Employees Credit Union data breach, you may be able to claim a piece of this "
Okanogan Behavioral Healthcare - Data Breach,"$50 - $5,350",9/3/26,2026-09-03,YES,https://okanogandatasettlement.com/,You may be included in this settlement if your private information was exposed in the data breach discovered by Okanogan Behavioral Healthcare in May 2024.
Circle K - Data Breach,"$50 - $2,000",9/3/26,2026-09-03,YES,https://gasexpressdatasettlement.com/,This settlement covers those who received notice that their private information was affected by the May 2024 Circle K data breach.
AMCA Data Breach - Labcorp,"$50 - $5,000",9/3/26,2026-09-03,YES,https://www.amcadatabreachsettlement83395.com/,You may be included in this settlement if you received diagnostic services from Labcorp and your personal information was potentially exposed in a data breach a
Omni Healthcare Financial Holdings - Data Breach,"$40 - $5,000",9/3/26,2026-09-03,YES,https://omnihealthcaresettlement.com/,You may be included in this settlement if your personal information was exposed in the January 2024 Omni Healthcare Financial Holdings data breach.
Scale AI - Employee Wages (California),Varies,9/3/26,2026-09-03,YES,https://mckinneyscaleaisettlement.com/,"You may be included in this settlement if you were an independent contractor who performed services with Scale AI, Smart Ecosystem or HireArt while residing in "
Calverton Park - Vehicle Towing,Varies,9/4/26,2026-09-04,NO,https://www.calvertonparkclassaction.com/,"You may be included in this settlement if your vehicle was towed from private property by the city of Calverton Park between September 25, 2018 and June 26, 202"
Smith & Nephew U.S. Savings Plan,• New,9/4/26,2026-09-04,YES,https://smithandnephewerisa.com/,"This settlement covers anyone who was a participant or beneficiary of the Smith & Nephew U.S. Savings Plan at any time between August 30, 2018, and May 13, 2026"
Lucent Health Solutions - Data Breach,"$80 - $6,175",9/5/26,2026-09-05,YES,https://lhdatabreachsettlement.com/,"If your private information was compromised in the October 2023 Lucent Health Solutions data breach, you may be included in this settlement."
Banner Health - Data Privacy,$20,9/5/26,2026-09-05,YES,https://bannerhealthdatasettlement.com/,"You may be included in this settlement if you logged in to a Banner Health patient account between June 1, 2020 and November 22, 2023."
BrandSafway - Job Postings (Washington),"Est. $1,632.11",9/7/26,2026-09-07,YES,https://epoasettlementbsw.com/,"You may be included in this settlement if you applied for a job opening with BrandSafway or its affiliates in Washington between January 1, 2023 and July 8, 202"
Allina Health System - Data Privacy,Varies,9/8/26,2026-09-08,YES,https://www.allinapixelsettlement.com/,"You may be included in this settlement if you used Allina Health System's websites between September 16, 2018 and May 11, 2026."
T-Mobile - Job Postings (Washington),"$1,487.82",9/8/26,2026-09-08,YES,https://www.epoasettlementtmui.com/,"You may be included in this settlement if you applied for a job with T-Mobile in Washington between January 1, 2023, and May 21, 2026."
Parks Heritage Federal Credit Union - Data Breach,"$75 - $4,500",9/8/26,2026-09-08,YES,https://www.parksheritagedataincident.com/,You may be included in this settlement if your personal information was exposed in the July 2024 Parks Heritage Federal Credit Union data breach.
Lemonade Insurance Agency - Data Disclosure,"Up to $10,000",9/8/26,2026-09-08,YES,https://www.lemonadedatadisclosuresettlement.com/,You may be included in this settlement if your personal information was compromised in a data incident that affected Lemonade Insurance Agency's quotation platf
Disney - Streaming Antitrust,Varies,9/8/26,2026-09-08,YES,https://onlinetvsettlement.com/,"You may be included in this settlement if you paid for a YouTube TV subscription or DirecTV streaming live pay TV subscription between April 1, 2019 and March 3"
Pineland Community Service Board - Data Breach,"Up to $5,000",9/9/26,2026-09-09,YES,https://www.pinelandsettlement.com/,You may be included in this settlement if your private information was potentially impacted in a data breach affecting Pineland Community Service Board between 
Illinois Institute of Technology - COVID Tuition,Varies,9/10/26,2026-09-10,YES,https://iltech2020settlement.com/,"You may be included in this settlement if you were an Illinois Tech student who paid or were obligated to pay tuition, fees, or other costs to Illinois Tech for"
STIIIZY - Data Breach,"Up to $7,500",9/10/26,2026-09-10,YES,https://www.stiiizydatabreachsettlement.com/,"If your personal information was exposed in the October 2024 STIIIZY data breach, you may be able to claim a piece of this settlement."
"Dohman, Akerlund & Eddy - Data Breach","$50 - $5,000",9/10/26,2026-09-10,YES,https://dohmandatasettlement.com/,"You may be included in this settlement if your private information was compromised in the February 2024 Dohman, Akerlund & Eddy data breach."
Aetna Life Insurance - Lumbar Artificial Disc Replacement,"Up to $55,000",9/10/26,2026-09-10,NO,https://www.ladrsurgerysettlement.com/,You may be included in this settlement if you had a pre-service authorization request or post-service claim for single-level lumbar artificial disc replacement 
American College of Medical Quality - Marketing Faxes,Up to $500,9/11/26,2026-09-11,YES,https://www.acmqfaxsettlement.com/,You may be covered by this settlement if you received a fax advertisement from American College of Medical Quality in August 2022.
Concord Hospital - Data Privacy,Varies,9/11/26,2026-09-11,YES,https://concordpixelsettlement.com/,"You may be able to claim a piece of this settlement if you used the Concord Hospital website between May 9, 2021 and June 12, 2026."
Payactiv - Data Breach,"Up to $2,500",9/12/26,2026-09-12,NO,https://payactivdataincidentsettlement.com/,You may be included in this settlement if your personal information was compromised in the April 2025 Payactiv data breach.
Chantix - Nitrosamine,Varies,9/14/26,2026-09-14,YES,https://chantixsettlement.com/home-page/,"You may be included in this settlement if you bought Chantix between September 29, 2015 and September 17, 2021."
Central Transport - Sex Discrimination,• New,9/14/26,2026-09-14,YES,https://centraltransportsettlement.com/,"You may be included in this settlement if you are a female, applied for a position as a truck driver with Central Transport after Jan. 1, 2016, had a CDL A and "
Refresco Beverages - Job Postings (Washington),"1,724.39 (est.)",9/14/26,2026-09-14,YES,https://refrescosettlement.com/,"You may be able to claim a piece of this settlement if you applied for a job opening at Refresco Beverages in Washington between January 1, 2023 and June 5, 202"
SunTrust Bank - Overdraft Fees (Georgia),Varies,9/14/26,2026-09-14,YES,https://suntrustoverdraftclassaction.com/,"You may be included in this settlement if you had an account with SunTrust Bank and were charged at least one overdraft fee between July 12, 2006 and April 15, "
Google Play - Data Privacy,Varies,9/14/26,2026-09-14,YES,https://www.coppaprivacyclassaction.com/,"This settlement covers those who downloaded or used an app from Google Play from April 1, 2015 to the present while under the age of 13."
Comcast - Data Breach,"$50 - $10,000",9/14/26,2026-09-14,YES,https://comcastbreachsettlement.com/,You may be covered by this settlement if you received notice that your personal information was potentially compromised in the October 2023 Comcast data breach.
Schuster - Data Breach,"$50 - $2,500",9/14/26,2026-09-14,YES,https://schusterdataincident.com/,You may be included in this settlement if your personal information was exposed in the January 2024 Schuster data breach.
Farmer's Insurance - Unwanted Calls,Up to $160,9/14/26,2026-09-14,YES,https://www.heckathorntcpasettlement.com/,You may be included in this settlement if you received two or more telemarketing calls from certain Farmer's Insurance agents or their agencies between April 19
Lighthouse Electric Company - Data Breach,"$60 - $2,750",9/14/26,2026-09-14,YES,https://lighthouseelectricdataincident.com/,"If your personal information was exposed in the October 2024 Lighthouse Electric Company data breach, you may be included in this settlement."
Western Montana Clinic - Data Breach,"$20 to $5,060",9/15/26,2026-09-15,YES,https://www.wmcsettlement.com/,"You may be included in this settlement if your personal information was exposed in the Western Montana Clinic data breach that occurred between March 11, 2025 a"
Vector Security - Data Breach,"$50 - $2,000",9/15/26,2026-09-15,YES,https://vectorsettlement.com/,"If your private information was compromised in the December 2024 Vector Security data breach, you may be able to claim a piece of this settlement."
Soliant Health - Job Postings (Washington),"$652 - $5,000",9/15/26,2026-09-15,YES,https://sh-spsepoasettlement.com/,"You may be included in this settlement if you applied for a job with Soliant Health or Soliant Physician Staffing in Washington between January 1, 2023 and May "
American Consumer Credit Counseling - Data Breach,"$45 - $3,580",9/16/26,2026-09-16,YES,https://acccsettlement.com/,You may be included in this settlement if your private information was exposed in the January 2025 American Consumer Credit Counseling data breach.
Penn Medicine - Data Privacy,Up to $15,9/16/26,2026-09-16,YES,https://www.uphspixelsettlement.com/,"You may be included in this settlement if you accessed the myPennMedicine patient portal between January 23, 2021 and January 23, 2023."
Strides Pharma - Testosterone Gel,Varies,9/16/26,2026-09-16,NO,https://stridesgelsettlement.com/,"If you purchased testosterone gel manufactured by Strides Pharma between June 1, 2022 and July 31, 2025, you may be included in this settlement."
Aspire Health Alliance - Data Breach,"Up to $2,500",9/16/26,2026-09-16,YES,https://aspiredataincident.com/,You may be included in this settlement if your personal information was exposed in the September 2023 Aspire Health Alliance data breach.
Oppenheimer Cash Sweep,Varies,9/17/26,2026-09-17,NO,https://www.oppenheimercashsweeplitigation.com,"You may be included in this settlement if you participated in Oppenheimer's Advantage Bank Deposit Program between March 17, 2022 and May 22, 2026."
Evergy - 401(k),Varies,9/17/26,2026-09-17,YES,https://evergyerisa.com/,This settlement covers participants and beneficiaries of the Evergy 401(k) Savings Plan who invested in any of the American Century Target Date Funds.
Moodswings - Ticket Fees,$2 - $7 per ticket,9/18/26,2026-09-18,YES,https://moodswingsticketingsettlement.com/,"This settlement covers those who bought tickets online through tickets.mesmerica.com, tickets.beautifica.show, changeworlds.org and ticketshop.mesmerica.com in "
Columbus Regional Health - Data Privacy,$25.50,9/19/26,2026-09-19,YES,https://columbusregionalsettlement.com/,This settlement covers current and former patients of Columbus Regional Health who completed a registration for access to their electronic records between Novem
Excel Fitness Management - Data Breach,"$50 - $4,000",9/21/26,2026-09-21,YES,https://excelfitnessdatasettlement.com/,You may be included in this settlement if your private information was compromised in the January 2025 Excel Fitness Management data breach.
Toyota IC Forklift,Varies,9/22/26,2026-09-22,NO,https://forkliftsettlement.com/,"You may be included in this settlement if you bought or leased an IC Toyota forklift on or before January 20, 2026."
Medical Record Fees (West Virginia),• New,9/22/26,2026-09-22,YES,https://www.wvhospitalsclassaction.com/,"You may be included in this settlement if you paid for copies of medical records from a West Virginia University medical entity between December 1, 2010 and Jul"
National Tenant Network - Eviction Reports,• New,9/22/26,2026-09-22,YES,https://ntnpostcardsettlement.com/,"You may be included in this settlement if you were the subject of postcards that the National Tenant Network sent to suspected landlords between June 30, 2018 a"
700Credit - Data Breach,"$50 - $2,500",9/22/26,2026-09-22,YES,https://700creditdatabreachsettlement.com/,You may be included in this settlement if your personal information was impacted by the data breach detected by 700Credit in October 2025.
Dovenmuehle - Phone Payment Fees,Varies,9/23/26,2026-09-23,YES,https://dovenmuehlephonefeelawsuit.com/home,This settlement covers those with a residential mortgage loan securing a property in North Carolina that was serviced by Dovenmuehle who paid a fee for making a
Drug and Alcohol Treatment Services - Data Breach,"Up to $5,000",9/24/26,2026-09-24,YES,https://www.datsdatabreachsettlement.com/,You may be included in this settlement if your personal information was impacted by the October 2024 Drug and Alcohol Treatment Services data breach.
"Night US, Brooklyn Bedding - Mattresses (California)",$110,9/25/26,2026-09-25,YES,https://nightbbsettlement.com/,"You may be included in this settlement if you bought a mattress listed at a discount from leesa.com, brooklynbedding.com, helixsleep.com, or bearmattress.com in"
Tesla - Idle Fees,$10 - $350+,9/25/26,2026-09-25,YES,https://teslaidlefeeclassaction.com/,"You may be included in this settlement if you bought a Supercharger-enabled Tesla vehicle in California before December 16, 2016 and were a citizen of Californi"
Red Robin - Job Postings (Washington),• New,9/25/26,2026-09-25,YES,https://rrepoasettlement.com/,"You may be able to claim a piece of this settlement if you applied for a job with Red Robin in Washington between January 1, 2023 and June 12, 2026."
Seawind Hotel Investment - Job Postings (Washington),• New,9/25/26,2026-09-25,YES,https://shisettlement.com/,"You may be able to claim a piece of this settlement if you applied for a job with Seawind Hotel Investment (Quality Inn SeaTac) in Washington between January 1,"
Community Realty Management - Data Breach,• New,9/25/26,2026-09-25,YES,https://crmdatasettlement.com/,You may be included in this settlement if your personal information was exposed in the September 2024 Community Realty Management data breach.
The Travelers Indemnity Company - Underinsured Coverage (NM),Varies,9/27/26,2026-09-27,YES,https://aguilaruimclasssettlement.com/,"This settlement covers New Mexico Travelers Indemnity Company customers who had underinsured motorist automobile insurance coverage between January 1, 2015 and "
Central Valley Meat Co - Data Breach,"$25 - $5,075",9/28/26,2026-09-28,YES,https://centralvalleydatasettlement.com/,You may be included in this settlement if your private information was potentially compromised in the May 2024 Central Valley Meat Co data breach.
"Zale Delaware, Sterling Jewelers - Job Postings (Washington)",• New,9/28/26,2026-09-28,YES,https://zdiclassactionsettlement.com/,"You may be included in this settlement if you applied for a job opening with Zale Delaware or Sterling Jewelers in Washington between January 1, 2023 and July 2"
O’Reilly Automotive - Unwanted Texts,• New,9/28/26,2026-09-28,YES,https://oreillyrndsettlement.com/,"If you received two or more text messages from O’Reilly Automotive when your telephone number was on the National Do-Not-Call Registry, you may be included in t"
Pacific Bag - Job Postings (Washington),• New,9/28/26,2026-09-28,YES,https://epoasettlementpbl.com/,"You may be able to claim a piece of this settlement if you applied for a job with Pacific Bag or TricorBraun in Washington between January 1, 2023 and June 30, "
System Pavers - Data Breach,"$80 - $3,000",9/28/26,2026-09-28,YES,https://systempaversdataincident.com/,You may be included in this settlement if your private information was exposed in the September 2024 System Pavers data breach.
Mount Sinai Medical Center - Data Privacy,$20,9/28/26,2026-09-28,YES,https://www.mountsinaidatasettlement.com/,"You may be included in this settlement if you accessed Mount Sinai Medical Center’s website or patient portal between June 10, 2021 and September 18, 2025."
Pierce County Library System - Data Breach,"Up to $4,000",9/28/26,2026-09-28,YES,https://piercecountylibrarydatasettlement.com/,You may be included in this settlement if your personal information was exposed in the Pierce County Library System data breach disclosed in July 2025.
University of St. Thomas - Data Breach,"$50 - $4,500",9/28/26,2026-09-28,YES,https://ustdatasettlement.com/,You may be able to claim a piece of this settlement if you received notice that your personal information was exposed in the data breach affecting University of
ABC Legal Services - Data Breach,"Up to $5,000",9/28/26,2026-09-28,YES,https://www.abcdatasettlement.com/,You may be able to claim a piece of this settlement if your personal information was potentially compromised in the August 2024 ABC Legal Services data breach.
Atrium Health - Data Privacy,Varies,9/28/26,2026-09-28,YES,https://atriumhealthpixelsettlement.com/,"You may be included in this settlement if you had a MyAtriumHealth or MyCarolinas patient portal account between January 1, 2015 and April 10, 2024."
HCF Management - Data Breach,• New,9/29/26,2026-09-29,YES,https://hcfdatasettlement.com/,You may be covered by this settlement if you received notice that your personal information was allegedly accessed in the September 2024 HCF Management data bre
"Xactus, Credit Plus - Consumer Reports",• New,9/29/26,2026-09-29,YES,https://cinnerfcraclassaction.com/default.aspx,"You may be included in this settlement if you were the subject of certain consumer reports Credit Plus sent to a third party between November 16, 2021 and June "
LifeStance Health Group - Data Privacy,Varies,9/29/26,2026-09-29,YES,https://www.lifestancepixelsettlement.com/,"You may be included in this settlement if you were a LifeStance patient between March 1, 2020 and April 30, 2023."
Emanate Health Medical Center - Data Privacy,Varies,9/29/26,2026-09-29,YES,https://www.emanateprivacysettlement.com/,"If you logged into the Emanate patient portal, submitted an online form or scheduled an appointment on Emanate's website between August 30, 2019 and April 30, 2"
People Data Labs - Mobile Numbers (Colorado),• New,9/29/26,2026-09-29,YES,https://pdlsettlement.com/,This settlement covers Colorado residents whose mobile number was found in People Data Labs' database and whose information was disclosed at least once between 
Physicians’ Primary Care Of Southwest Florida - Data Breach,"Up to $5,000",9/29/26,2026-09-29,YES,https://physiciansprimarycaredatasettlement.com/,You may be included in this settlement if your personal information was potentially exposed in the September 2024 Physicians’ Primary Care Of Southwest Florida 
Furman Foods - Data Breach,"$35 - $2,400",9/30/26,2026-09-30,YES,https://www.furmanfoodsdatasettlement.com/,You may be able to claim a piece of this settlement if your personal information was compromised in the October 2024 Furman Foods data breach.
ApolloMD - Data Breach,"$75 - $5,000",9/30/26,2026-09-30,YES,https://apollomddatasettlement.com/,This settlement covers those whose private information was potentially exposed in the May 2025 ApolloMD data breach.
"First Baptist Church of Hammond, Indiana - Data Breach",• New,9/30/26,2026-09-30,YES,https://fbcdatasettlement.com/,"If your private information was compromised in the July 2025 First Baptist Church of Hammond, Indiana data breach, you may be included in this settlement."
Clay-Platte Family Medicine - Data Breach,• New,9/30/26,2026-09-30,YES,https://www.cpfmsettlement.com/,You may be included in this settlement if your personal information was exposed in the June 2024 Clay-Platte Family Medicine Clinic data breach.
NJ Lenders Corp - Data Breach,"$40 - $2,500",10/1/26,2026-10-01,YES,https://njlendersdatasettlement.com/,You may be included in this settlement if your personal information was exposed in the August 2025 NJ Lenders Corp data breach.
Healthcare Services Group - Data Breach,"Up to $5,000",10/1/26,2026-10-01,YES,https://healthcareservicesgroupsettlement.com/,You may be able to claim a piece of this settlement if your personal information was potentially exposed in the September 2024 Healthcare Services Group data br
Volkswagen Atlas - Water Pumps,• New,10/5/26,2026-10-05,NO,https://mainenginewaterpumpsettlement.com/,You may be included in this settlement if you owned or leased a 2018-2022 Volkswagen Atlas or Atlas Cross Sport vehicle equipped with a 3.6 Liter engine.
Heritage South Credit Union - Data Breach,"Up to $2,000",10/5/26,2026-10-05,YES,https://hscudatasettlement.com/,You may be able to claim a piece of this settlement if your personal information was exposed in the February 2025 Heritage South Credit Union data breach.
Coleman Professional Services - Data Breach,• New,10/5/26,2026-10-05,YES,https://www.colemansettlement.com/,You may be included in this settlement if your personal information was accessed in the October 2023 Coleman Professional Services data breach.
Total Vision - Data Breach (California),"Up to $1,000+",10/5/26,2026-10-05,YES,https://totalvisionsettlement.com/,"You may be included in this settlement if you are a California resident to whom Total Vision, LLC sent a direct mail notice of a data security incident that occ"
USA Clinics Group - Unwanted Texts,• New,10/5/26,2026-10-05,YES,https://usaclinicsgrouptcpasettlement.com/,"You may be included in this settlement if you received more than one marketing text from USA Clinics Group between June 12, 2021 and June 16, 2026."
Albany Gastroenterology Consultants - Data Breach,• New,10/5/26,2026-10-05,YES,https://albanygastrodatasettlement.com/,"If your private information was compromised in the November 2024 Albany Gastroenterology Consultants data breach, you may be able to claim a piece of this settl"
Bestway Spa Pumps,Up to $75,10/5/26,2026-10-05,NO,https://spapumpclassactionsettlement.com/,You may be included in this settlement if you purchased certain Bestway AirJet or Bestway HydroJet spa pumps.
Bayhealth - Data Privacy,$25,10/5/26,2026-10-05,YES,https://bayhealthpixelsettlement.com/,"You may be included in this settlement if you used the Bayhealth website to access the Bayhealth MyChart patient portal between January 1, 2019 and December 31,"
Bradford-Scott Data - Data Breach,• New,10/7/26,2026-10-07,YES,https://bradfordscottdatasettlement.com/,You may be included in this settlement if your private information was potentially accessed in the July 2023 data breach affecting Bradford-Scott Data.
MRA The Management Association - Data Breaches,Varies,10/7/26,2026-10-07,YES,https://mradatasettlement.com/,You may be included in this settlement if your personal information was potentially exposed in a data breach affecting MRA - The Management Association in July 
The Money Source - Unwanted Calls,• New,10/7/26,2026-10-07,YES,https://www.moneysourcetcpaclassaction.com/,"You may be included in this settlement if you were called on your cell phone between February 6, 2019 and May 7, 2025 by The Money Source with a prerecorded voi"
Ernst & Young - MOVEit Data Breach,"$100 - $10,000",10/8/26,2026-10-08,YES,https://www.moveitsettlementeyboa.com/,You may be included in this settlement if you received notice from Ernst & Young that your personal information was potentially exposed in the May 2023 MOVEit d
OnePoint Patient Care - Data Breach,• New,10/8/26,2026-10-08,YES,https://onepointsettlement.com/,You may be included in this settlement if your private information was accessed in the August 2024 OnePoint Patient Care data breach.
USAA - Total Loss Claims (Michigan),Varies,10/8/26,2026-10-08,YES,https://www.marcheksettlement.com/Home/portalid/0,You may be included in this settlement if you insured a leased vehicle under a Michigan USAA auto insurance policy and did not receive full payment for tax and 
Eisner Advisory Group - Data Breach,• New,10/8/26,2026-10-08,YES,https://eisnerdatasettlement.com/,You may be included in this settlement if your private information was exposed in the September 2023 Eisner Advisory Group data breach.
Arrowhead Regional Computing Consortium - Data Breach,• New,10/8/26,2026-10-08,YES,https://arrowheaddatasecuritysettlement.com/,This settlement covers those who were affected by the February 2023 Arrowhead Regional Computing Consortium data breach.
Anthem - Prostate Cancer Treatment,• New,10/10/26,2026-10-10,NO,https://protonbeamradiationtherapylitigation.com/,"You may be included in this settlement if you received proton beam radiation therapy for prostate cancer and sought coverage from Anthem, but your treatments we"
HireVue - Biometric Privacy (Illinois),• New,10/13/26,2026-10-13,YES,https://videointerviewbipasettlement.com/,"You may be included in this settlement if, while in Illinois, you completed an interview through HireVue's video interview platform between January 27, 2017 and"
Davison Design & Development - Unwanted Texts (Washington),• New,10/13/26,2026-10-13,YES,https://www.millertextsettlement.com/,You may be included in this settlement if you were a Washington resident and received one or more text messages from Davison Design & Development between Novemb
Crossroads Trading Co. - Data Breach,• New,10/13/26,2026-10-13,YES,https://crossroadssettlement.com/,This settlement covers those who were affected by the February 2025 Crossroads Trading Co. data breach.
Doxim - Data Breach,"$100 - $5,000",10/13/26,2026-10-13,YES,https://www.doximdatasecuritysettlement.com/,You may be included in this settlement if your private information was impacted in the December 2023 Doxim data breach.
Dairy Farmers of America - Data Breach,• New,10/14/26,2026-10-14,YES,https://dfadatasettlement.com/,"If your private information was compromised in the June 2025 Dairy Farmers of America data breach, you may be able to claim a piece of this settlement."
FLO App - Data Privacy,Varies,10/15/26,2026-10-15,YES,https://periodtrackerdataprivacylitigation.com/home/,"You may be included in this settlement if you used the FLO app between November 1, 2016 and February 28, 2019."
State Farm - Total Loss Fees (Louisiana),• New,10/19/26,2026-10-19,YES,https://louisianafeessettlement.com/,You may be eligible to claim a piece of this settlement if you are a Louisiana resident and received a total loss claim payment for your vehicle from State Farm
Lester and Rosalie Anixter Center - Data Breach,• New,10/19/26,2026-10-19,YES,https://www.anixterdatasettlement.com/,"If your private information was compromised in the July 2023 Lester and Rosalie Anixter Center data breach, you may be included in this settlement."
Tennessee Farmers Mutual Insurance - Total Loss Claims,Varies,10/19/26,2026-10-19,YES,https://autoinsuranceclaimsettlement.com/,"If your vehicle was adjusted to be a total loss by Tennessee Farmers Mutual Insurance Company and the claim was submitted between September 26, 2017 and April 7"
Lands’ End - Data Breach,"$60 - $5,000",10/22/26,2026-10-22,YES,https://landsenddatasettlement.com/,You may be included in this settlement if your information was compromised in the December 2024 Lands’ End data breach.
Equinox - Data Breach,"$100 - $5,000",10/23/26,2026-10-23,YES,https://www.equinoxincsettlement.com/,You may be included in this settlement if your personal information was exposed in the April 2024 Equinox data breach.
Whirlpool Refrigerators - Wire Harness Issue,Varies,11/2/26,2026-11-02,NO,https://www.refrigeratorsettlement.com/,"You may be included in this settlement if you bought a side-by-side refrigerator manufactured by Whirlpool from 2018-2021, including certain Whirlpool, Maytag, "
Forbes - Data Privacy (California),• New,11/9/26,2026-11-09,YES,https://www.mediasitetrackersettlement.com/,"You may be included in this settlement if you are a California resident and you accessed Forbes' websites between December 20, 2023 and June 11, 2026."
Generic Pharmaceuticals Antitrust,Varies,11/9/26,2026-11-09,NO,https://www.genericdrugsendpayersettlement.com/,"You may be able to claim a piece of this settlement if you paid for certain prescription generic drugs between May 1, 2009 and December 31, 2019."
Hearthside Food Solutions - Labor Laws (Illinois),Varies,11/20/26,2026-11-20,NO,https://www.hearthsidefssettlement.com/,"This settlement covers those who worked at a Hearthside Food Solutions facility in Illinois while under the age of 16 between March 1, 2020 and December 4, 2024"
Twitter Acquisition - Securities,• New,11/24/26,2026-11-24,NO,https://twitteracquisitionlitigation.com/,"If you sold the publicly traded stock or call options, or purchased the put options, of Twitter, Inc. between May 13, 2022 and October 4, 2022, you may be inclu"
Toyota - Airbag Control Units,Varies,12/16/26,2026-12-16,NO,https://www.airbagcontrolunitsettlement.com/,This settlement covers current and former owners and lessees of certain 2011-2019 Toyota vehicles. The full list of affected vehicles can be found on the settle
Service Spot - Parking Reservation Fees (California),Varies,12/17/26,2026-12-17,YES,https://servicespotsettlement.com/,"If you made a booking on ParkOn.com or CheapAirportParking.org between July 1, 2024 and June 9, 2025 and paid a mandatory reservation fee as a California reside"
RealPage - Rent Price-Fixing,Varies,1/29/27,2027-01-29,NO,https://www.realpagerentalsettlement.com/,This settlement covers those who paid rent on a lease for at least one multifamily property subject to a license for certain RealPage software between October 1
"Hyundai, Kia - Airbag Control Units",Up to $150 - $350+,3/29/27,2027-03-29,NO,https://www.acusettlement.com/hyundaikia,"This settlement includes those who, as of April 14, 2025, owned or leased certain Hyundai or Kia models. You can find the full list of vehicles on the settlemen"
"Hyundai, Kia - Vehicle Theft","$375 - $4,500",3/31/27,2027-03-31,NO,https://www.hkmultistateimmobilizersettlement.com/home,"You may be included in this settlement if you owned or leased certain 2011-2022 Hyundai or Kia vehicles that were stolen or almost stolen on or after April 29, "
Breckenridge - Duloxetine Future Refund Program,Varies,1/1/28,2028-01-01,NO,https://www.breckenridgefuturerefundprogram.com/,"This website is for those who wish to make a claim to receive compensation for out-of-pocket costs paid for unused, returned Breckenridge duloxetine that is sub"
